,high,low,open,close,volume,adjclose,formatted_date,pct,rolling3,var3,covar3,beta3,var10,covar10,beta10,rolling1,rolling20,var20,covar20,beta20,rolling30,var30,covar30,beta30,rolling50,varfifty,covarfifty,betafifty,rolling250,var250,covar250,beta250
0,24.58099937438965,24.190000534057617,24.40999984741211,24.58099937438965,26800,23.400060653686523,2022-02-25,0.015617923309589221,0.015617923309589221,0.0,0.0,0.0,0.0,0.0,0.0,0.015617923309589221,0.015617923309589221,0.0,0.0,0.0,0.015617923309589221,0.0,0.0,0.0,0.015617923309589221,0.0,0.0,0.0,0.015617923309589221,0,0,0
1,24.780000686645508,24.219999313354492,24.780000686645508,24.27199935913086,8300,23.10590362548828,2022-03-01,-0.013253149931313879,0.0010187692437082136,0.00020846502952574433,0.00020846502952574433,1.0,0.0,0.0,0.0,0.0010187692437082136,0.0010187692437082136,0.0,0.0,0.0,0.0010187692437082136,0.0,0.0,0.0,0.0010187692437082136,0.0,0.0,0.0,0.0010187692437082136,0,0,0
2,24.709999084472656,24.420000076293945,24.649999618530273,24.65999984741211,14300,23.475263595581055,2022-03-02,0.01598552370335904,0.001141302708298153,0.00021387672765890166,0.0002138767276589017,1.0000000000000002,0.0,0.0,0.0,0.00476045785862092,0.00476045785862092,0.0,0.0,0.0,0.00476045785862092,0.0,0.0,0.0,0.00476045785862092,0.0,0.0,0.0,0.00476045785862092,0,0,0
3,24.780000686645508,24.559999465942383,24.770000457763672,24.584999084472656,10700,23.40386962890625,2022-03-03,-0.0030412423862300475,-0.00010295620472829577,0.00022020015324203238,0.00022020015324203238,1.0,0.0,0.0,0.0,0.0032001178096507264,0.0032001178096507264,0.0,0.0,0.0,0.0032001178096507264,0.0,0.0,0.0,0.0032001178096507264,0.0,0.0,0.0,0.0032001178096507264,0,0,0
4,24.540000915527344,24.31999969482422,24.459999084472656,24.524999618530273,38100,23.346750259399414,2022-03-04,-0.0024405950986963187,0.0035012287394775576,0.0001169834098499028,0.0001169834098499028,1.0,0.0,0.0,0.0,0.0022599989915928855,0.0022599989915928855,0.0,0.0,0.0,0.0022599989915928855,0.0,0.0,0.0,0.0022599989915928855,0.0,0.0,0.0,0.0022599989915928855,0,0,0
5,24.34000015258789,24.052000045776367,24.34000015258789,24.052000045776367,7000,22.896474838256836,2022-03-07,-0.019286428138378553,-0.00825608854110164,9.134148801444666e-05,9.134148801444668e-05,1.0000000000000002,0.0,0.0,0.0,-0.0008180620269744627,-0.0008180620269744627,0.0,0.0,0.0,-0.0008180620269744627,0.0,0.0,0.0,-0.0008180620269744627,0.0,0.0,0.0,-0.0008180620269744627,0,0,0
6,24.200000762939453,23.920000076293945,24.149999618530273,23.934999465942383,11300,22.785097122192383,2022-03-08,-0.004864404536123468,-0.00886380925773278,8.294195129563554e-05,8.294195129563554e-05,1.0,0.0,0.0,0.0,-0.0013238548406180883,-0.0013238548406180883,0.0,0.0,0.0,-0.0013238548406180883,0.0,0.0,0.0,-0.0013238548406180883,0.0,0.0,0.0,-0.0013238548406180883,0,0,0
7,24.364999771118164,24.145000457763672,24.25,24.36400032043457,12100,23.1934871673584,2022-03-10,0.006361143948244274,0.004328689910589878,6.995931299460866e-05,6.995931299460866e-05,1.0,0.00013929041485067153,0.0001392904148506715,0.9999999999999998,0.0007259635542948395,0.0007259635542948395,0.0,0.0,0.0,0.0007259635542948395,0.0,0.0,0.0,0.0007259635542948395,0.0,0.0,0.0,0.0007259635542948395,0,0,0
8,24.579999923706055,24.2189998626709,24.579999923706055,24.2189998626709,9000,23.055452346801758,2022-03-11,-0.005951447471465365,0.003966342265475912,8.034648881459817e-05,8.034648881459815e-05,0.9999999999999998,0.00011443414563562434,0.00011443414563562432,0.9999999999999999,-0.0014309735238106191,0.00011892618831663906,0.0,0.0,0.0,0.00011892618831663906,0.0,0.0,0.0,0.00011892618831663906,0.0,0.0,0.0,0.00011892618831663906,0,0,0
9,24.5,24.204999923706055,24.420000076293945,24.209999084472656,4500,23.04688262939453,2022-03-14,-0.0003717002502626743,1.2665408838744932e-05,3.801077958709921e-05,3.801077958709921e-05,1.0,0.00011404569823556259,0.00011404569823556259,1.0,-0.0015372969841218164,7.804065176836295e-05,0.0,0.0,0.0,7.804065176836295e-05,0.0,0.0,0.0,7.804065176836295e-05,0.0,0.0,0.0,7.804065176836295e-05,0,0,0
10,24.690000534057617,24.31100082397461,24.450000762939453,24.649999618530273,9100,23.46574592590332,2022-03-15,0.018174401425317344,0.003950417901196435,0.0001595246752339771,0.0001595246752339771,1.0,0.0001309924477330168,0.0001309924477330168,1.0,0.0016054581515413057,0.001470068403579823,0.0,0.0,0.0,0.001470068403579823,0.0,0.0,0.0,0.001470068403579823,0.0,0.0,0.0,0.001470068403579823,0,0,0
11,25.010000228881836,24.68899917602539,24.969999313354492,25.000999450683594,9700,23.799880981445312,2022-03-16,0.014239268446742503,0.010680656540599057,9.548726086414741e-05,9.54872608641474e-05,0.9999999999999999,0.00012571710735062022,0.00012571710735062022,1.0,0.0014308326258796523,0.002382154120948586,0.0,0.0,0.0,0.002382154120948586,0.0,0.0,0.0,0.002382154120948586,0.0,0.0,0.0,0.002382154120948586,0,0,0
12,25.290000915527344,24.969999313354492,25.045000076293945,25.290000915527344,12900,24.07499885559082,2022-03-17,0.011559632351102689,0.014657767407720845,1.1070148511551614e-05,1.1070148511551614e-05,1.0,0.00013252539342286623,0.00013252539342286623,1.0,0.002890920099612926,0.0029939860029588594,0.0,0.0,0.0,0.0029939860029588594,0.0,0.0,0.0,0.0029939860029588594,0.0,0.0,0.0,0.0029939860029588594,0,0,0
13,25.540000915527344,25.219999313354492,25.420000076293945,25.533000946044922,10100,24.306324005126953,2022-03-18,0.009608521725117836,0.01180247417432101,5.4051829132874005e-06,5.4051829132874005e-06,1.0,0.00013276794849684308,0.00013276794849684308,1.0,0.004095831781994341,0.0034073944855937954,0.0,0.0,0.0,0.0034073944855937954,0.0,0.0,0.0,0.0034073944855937954,0.0,0.0,0.0,0.0034073944855937954,0,0,0
14,25.770000457763672,25.350000381469727,25.729999542236328,25.6299991607666,21500,24.61363410949707,2022-03-21,0.01264321599207241,0.011270456689430977,2.3650592459491935e-06,2.3650592459491935e-06,1.0,6.880989076585318e-05,6.880989076585318e-05,1.0,0.007288796195039438,0.0039506781036219496,0.0,0.0,0.0,0.0039506781036219496,0.0,0.0,0.0,0.0039506781036219496,0.0,0.0,0.0,0.0039506781036219496,0,0,0
15,25.90999984741211,25.299999237060547,25.90999984741211,25.469999313354492,52100,24.459978103637695,2022-03-22,-0.006242719184652468,0.005336339510845926,0.00010285829252881947,0.00010285829252881947,1.0,7.272229580272709e-05,7.272229580272708e-05,0.9999999999999998,0.007150964730186537,0.0033843782542733705,0.0,0.0,0.0,0.0033843782542733705,0.0,0.0,0.0,0.0033843782542733705,0.0,0.0,0.0,0.0033843782542733705,0,0,0
16,25.40999984741211,25.34000015258789,25.350000381469727,25.395000457763672,22300,24.38795280456543,2022-03-24,0.006459968253123671,-0.0030423246989403907,7.012501024561607e-05,7.012501024561607e-05,1.0,9.607013664339356e-05,9.607013664339355e-05,0.9999999999999999,0.005077491812180357,0.0029017276832375982,0.00011646968180749824,0.00011646968180749824,1.0,0.0029017276832375982,0.0,0.0,0.0,0.0029017276832375982,0.0,0.0,0.0,0.0029017276832375982,0,0,0
17,25.920000076293945,25.219999313354492,25.920000076293945,25.315000534057617,19200,24.311126708984375,2022-03-25,-0.003150165829690854,-0.0020114735806198527,6.341558162605464e-05,6.341558162605464e-05,1.0,8.998926227293176e-05,8.998926227293175e-05,0.9999999999999999,0.005357619976357808,0.0019633232262735944,0.00010895977261734999,0.00010895977261735,1.0000000000000002,0.002613542277860053,0.0,0.0,0.0,0.002613542277860053,0.0,0.0,0.0,0.002613542277860053,0,0,0
18,25.5,25.200000762939453,25.5,25.344999313354492,22400,24.339935302734375,2022-03-28,0.0011849962403984726,0.0014982662212770965,2.3162272833108115e-05,2.3162272833108115e-05,1.0,8.82496342936345e-05,8.82496342936345e-05,1.0,0.005513289625423923,0.001987996320651053,0.00010890588686612119,0.00010890588686612117,0.9999999999999998,0.0025486083670663447,0.0,0.0,0.0,0.0025486083670663447,0.0,0.0,0.0,0.0025486083670663447,0,0,0
19,25.700000762939453,25.350000381469727,25.700000762939453,25.440000534057617,20200,24.431167602539062,2022-03-29,0.0037482556411905232,0.0005943620172993805,1.2158691286601199e-05,1.2158691286601199e-05,1.0,6.847188148670236e-05,6.847188148670236e-05,1.0,0.0040706750470112405,0.0028380665992762733,9.608239129926445e-05,9.608239129926444e-05,0.9999999999999999,0.0026007669442021787,0.0,0.0,0.0,0.0026007669442021787,0.0,0.0,0.0,0.0026007669442021787,0,0,0
20,25.600000381469727,25.420000076293945,25.600000381469727,25.420000076293945,25000,24.411964416503906,2022-03-30,-0.0007860118004823224,0.001382413360368891,5.169125447596664e-06,5.169125447596664e-06,1.0,5.7095349348346165e-05,5.709534934834615e-05,0.9999999999999998,0.0025681470222887583,0.001999489824084205,8.693576476168919e-05,8.693576476168918e-05,0.9999999999999999,0.0024596511631736575,0.0,0.0,0.0,0.0024596511631736575,0.0,0.0,0.0,0.0024596511631736575,0,0,0
21,25.600000381469727,25.329999923706055,25.600000381469727,25.350000381469727,13800,24.34473991394043,2022-03-31,-0.002753752275586163,6.949718837401253e-05,1.1117948459967168e-05,1.1117948459967168e-05,1.0,4.898296110071195e-05,4.898296110071194e-05,0.9999999999999999,0.001136808559619873,0.0020138643296163995,8.678735406241512e-05,8.678735406241512e-05,1.0,0.002251115025623265,0.0,0.0,0.0,0.002251115025623265,0.0,0.0,0.0,0.002251115025623265,0,0,0
22,25.59000015258789,25.329999923706055,25.59000015258789,25.378999710083008,19500,24.372587203979492,2022-04-01,0.0011438729736896747,-0.0007986303674596037,3.797990067122554e-06,3.7979900671225546e-06,1.0000000000000002,4.021241644504186e-05,4.0212416445041856e-05,0.9999999999999998,0.00029034368447705683,0.002193087733235699,8.574905172519438e-05,8.574905172519435e-05,0.9999999999999997,0.002208528792856588,0.0,0.0,0.0,0.002208528792856588,0.0,0.0,0.0,0.002208528792856588,0,0,0
23,25.579999923706055,25.3799991607666,25.579999923706055,25.459999084472656,24600,24.450374603271484,2022-04-04,0.0031915938443864977,0.0005272381808300031,9.121963972392311e-06,9.121963972392311e-06,1.0,2.3200247791748056e-05,2.3200247791748056e-05,1.0,-0.0006548185302915344,0.0033169888323739518,6.018928008109929e-05,6.0189280081099287e-05,0.9999999999999999,0.0022449386095799184,0.0,0.0,0.0,0.0022449386095799184,0.0,0.0,0.0,0.0022449386095799184,0,0,0
24,25.549999237060547,25.40999984741211,25.459999084472656,25.41200065612793,26400,24.404279708862305,2022-04-05,-0.0018852428707988311,0.0008167413157591138,6.523829099378738e-06,6.523829099378738e-06,1.0,1.968808671976205e-05,1.968808671976205e-05,1.0,-0.00021907089890617072,0.0034659469156401836,5.806739834594116e-05,5.806739834594116e-05,1.0,0.00209743212813782,0.0,0.0,0.0,0.00209743212813782,0.0,0.0,0.0,0.00209743212813782,0,0,0
25,25.479999542236328,25.26099967956543,25.3799991607666,25.440000534057617,13700,24.431167602539062,2022-04-07,0.0038671199192765737,-0.00025760683914843874,1.2949015990468875e-05,1.2949015990468875e-05,1.0,7.871536408821286e-06,7.871536408821286e-06,1.0,0.00018059682764605124,0.002629044319913204,5.554594525882735e-05,5.554594525882736e-05,1.0000000000000002,0.0019946840647070826,8.04528092957543e-05,8.045280929575428e-05,0.9999999999999998,0.0019946840647070826,0.0,0.0,0.0,0.0019946840647070826,0,0,0
26,25.538999557495117,25.40999984741211,25.440000534057617,25.4950008392334,13800,24.48398780822754,2022-04-08,0.0021620008731382256,0.0010914744088305801,1.1821636884911167e-05,1.1821636884911169e-05,1.0000000000000002,6.761544253723302e-06,6.7615442537233e-06,0.9999999999999998,0.0007118134979289592,0.0030347167371433835,5.150920252183962e-05,5.1509202521839615e-05,0.9999999999999999,0.0015461533168253827,7.384591110393452e-05,7.384591110393452e-05,1.0,0.0020000813811080873,0.0,0.0,0.0,0.0020000813811080873,0,0,0
27,25.530000686645508,25.360000610351562,25.399999618530273,25.3700008392334,21900,24.36394691467285,2022-04-11,-0.004902832597978524,0.00037542939814542525,2.162189501517072e-05,2.162189501517072e-05,1.0,9.827564573498936e-06,9.827564573498936e-06,1.0,0.00010303061409125958,0.002808160119757591,5.416048961330171e-05,5.416048961330171e-05,1.0,0.0013596744184644553,7.521887022013227e-05,7.521887022013227e-05,1.0,0.0017843653192616306,0.0,0.0,0.0,0.0017843653192616306,0,0,0
28,25.559999465942383,25.315000534057617,25.559999465942383,25.32200050354004,39800,24.317848205566406,2022-04-12,-0.0018920870771838016,-0.0015443062673413666,1.256868161242388e-05,1.256868161242388e-05,1.0,8.439951518585166e-06,8.439951518585164e-06,0.9999999999999998,-0.00046100365774617293,0.0018048356946325339,4.183616086649194e-05,4.1836160866491925e-05,0.9999999999999997,0.0017383765136021246,6.807186535948591e-05,6.807186535948591e-05,1.0,0.0016729576708844963,0.0,0.0,0.0,0.0016729576708844963,0,0,0
29,25.559999465942383,25.3700008392334,25.440000534057617,25.55500030517578,22700,24.541608810424805,2022-04-13,0.009201496899186035,0.0008021924080079031,5.517738409939022e-05,5.517738409939022e-05,1.0,1.76936463760602e-05,1.76936463760602e-05,1.0,0.0005377472122206628,0.0015529471172547105,3.651124097175158e-05,3.651124097175158e-05,1.0,0.0015122422867963577,6.294023991766278e-05,6.294023991766278e-05,1.0,0.0018943852952463063,0.0,0.0,0.0,0.0018943852952463063,0,0,0
30,25.729999542236328,25.5,25.549999237060547,25.5,20400,24.488788604736328,2022-04-14,-0.0021522715196258257,0.0017190461007921358,4.2007226448811335e-05,4.200722644881134e-05,1.0000000000000002,1.7289874597112794e-05,1.728987459711279e-05,0.9999999999999998,0.0005978952878166966,0.0008673519237182847,3.146882415016056e-05,3.1468824150160556e-05,0.9999999999999998,0.0015418746490164985,6.268741565777485e-05,6.268741565777485e-05,1.0,0.0017787665291071025,0.0,0.0,0.0,0.0017787665291071025,0,0,0
31,25.329999923706055,25.200000762939453,25.299999237060547,25.290000915527344,25900,24.480079650878906,2022-04-18,-0.0003556302436183989,0.00223119837864727,3.7245776067732064e-05,3.7245776067732064e-05,1.0,1.733279329886342e-05,1.733279329886342e-05,1.0,0.00044794496608588916,0.000369144325281473,2.726479360605112e-05,2.726479360605112e-05,1.0,0.0016113734775190958,6.225967624092067e-05,6.225967624092066e-05,0.9999999999999998,0.0017194777298647273,0.0,0.0,0.0,0.0017194777298647273,0,0,0
32,25.479999542236328,25.299999237060547,25.3799991607666,25.43000030517578,15400,24.615596771240234,2022-04-19,0.005535812068179435,0.0010093034349784036,1.6173940273496002e-05,1.6173940273496002e-05,1.0,1.9311598473651118e-05,1.931159847365112e-05,1.0000000000000002,0.0006823667884651829,1.3774129086824294e-05,2.0607733645899217e-05,2.0607733645899217e-05,1.0,0.002438781484404362,4.702329643329013e-05,4.702329643329013e-05,1.0,0.0018226219011705303,0.0,0.0,0.0,0.0018226219011705303,0,0,0
33,25.59000015258789,25.5,25.545000076293945,25.510000228881836,56900,24.693031311035156,2022-04-20,0.0031457510664698596,0.0027753109636769655,8.78019253062836e-06,8.78019253062836e-06,1.0,1.8972104333550155e-05,1.897210433355015e-05,0.9999999999999998,0.001185466182192052,0.00048319764164294065,1.883186008108997e-05,1.883186008108997e-05,1.0,0.002705786671157473,4.512759046249497e-05,4.512759046249496e-05,0.9999999999999999,0.001857441089731039,0.0,0.0,0.0,0.001857441089731039,0,0,0
34,25.68000030517578,25.350000381469727,25.68000030517578,25.479999542236328,30300,24.663991928100586,2022-04-21,-0.0011760153125304207,0.0025018492740396248,1.1573113835832785e-05,1.1573113835832783e-05,0.9999999999999999,1.7839046636021098e-05,1.78390466360211e-05,1.0000000000000002,0.0013433344075313158,0.0008916080342810384,1.3718113077638148e-05,1.3718113077638148e-05,1.0,0.0022836084834181648,4.280244270213378e-05,4.280244270213378e-05,1.0,0.0017796601563397196,0.0,0.0,0.0,0.0017796601563397196,0,0,0
35,25.469999313354492,24.84000015258789,25.469999313354492,24.989999771118164,34400,24.189685821533203,2022-04-22,-0.01923071123077158,-0.00575365849227738,0.00014089262904577979,0.00014089262904577979,1.0,5.82358111064724e-05,5.82358111064724e-05,1.0,-0.0009664487074734996,-0.00039292593991372413,3.1660247101885874e-05,3.166024710188587e-05,0.9999999999999998,0.0014305466441176362,5.7437208986524645e-05,5.7437208986524645e-05,1.0,0.001254400871661937,0.0,0.0,0.0,0.001254400871661937,0,0,0
36,25.049999237060547,24.65999984741211,24.690000534057617,25.049999237060547,24500,24.247764587402344,2022-04-25,0.0024009723109938985,-0.006001918077436034,0.00013444943633501461,0.0001344494363350146,0.9999999999999998,5.840765741784741e-05,5.840765741784742e-05,1.0000000000000002,-0.0009425515636879323,-0.00011536903287948653,3.158986493840157e-05,3.158986493840156e-05,0.9999999999999998,0.0017089606368662783,5.551039720416886e-05,5.551039720416886e-05,1.0,0.001282366028718814,0.0,0.0,0.0,0.001282366028718814,0,0,0
37,25.079999923706055,24.530000686645508,25.079999923706055,24.670000076293945,28900,23.879934310913086,2022-04-26,-0.01516965719307417,-0.010666465370950617,0.0001321914856529022,0.0001321914856529022,1.0,7.798387297257029e-05,7.798387297257029e-05,1.0,-0.001969234023197497,-0.0009331017045531187,4.272496534470582e-05,4.272496534470582e-05,1.0,0.0012156954054392286,6.493313073747617e-05,6.493313073747618e-05,1.0000000000000002,0.0008906511901046954,0.0,0.0,0.0,0.0008906511901046954,0,0,0
38,24.899999618530273,24.565000534057617,24.81999969482422,24.700000762939453,54800,23.90897560119629,2022-04-27,0.0012161377793209471,-0.0038508490342531085,9.643752181900684e-05,9.643752181900685e-05,1.0000000000000002,7.900326582736372e-05,7.900326582736372e-05,1.0,-0.0016584115375470221,-0.0010597075976465976,4.179778338245188e-05,4.179778338245188e-05,1.0,0.0006504199505726819,5.468541350060744e-05,5.468541350060744e-05,1.0,0.0008982206456678641,0.0,0.0,0.0,0.0008982206456678641,0,0,0
39,25.084999084472656,24.65999984741211,24.799999237060547,24.979999542236328,32200,24.180004119873047,2022-04-28,0.011335848226939449,-0.0008725570622712583,0.00017890743899856326,0.00017890743899856326,1.0,8.460966916221903e-05,8.460966916221902e-05,0.9999999999999999,-0.0014449764047716807,-0.0004536145962755089,4.949398971323206e-05,4.949398971323206e-05,1.0,0.0005536392765792468,5.2245433467219955e-05,5.2245433467219955e-05,1.0,0.0011354394543331273,0.0,0.0,0.0,0.0011354394543331273,0,0,0
40,25.040000915527344,24.399999618530273,25.040000915527344,24.399999618530273,33500,23.618581771850586,2022-04-29,-0.02321845543281109,-0.003555489808850232,0.0003155762977327096,0.0003155762977327096,1.0,0.00013229919273317027,0.00013229919273317027,1.0,-0.003551594796090207,-0.0014768497541367553,7.538910240814505e-05,7.538910240814505e-05,1.0,-0.0006056303162178793,6.616486186902154e-05,6.616486186902153e-05,0.9999999999999998,0.0005942417901743669,0.0,0.0,0.0,0.0005942417901743669,0,0,0
41,24.479000091552734,24.049999237060547,24.399999618530273,24.3799991607666,69500,23.599220275878906,2022-05-02,-0.0008197569252339498,-0.004234121377035198,0.0003072433888098554,0.0003072433888098554,1.0,0.00013199110466365128,0.00013199110466365128,1.0,-0.0035980074642517623,-0.0015750312490829365,7.504019668449517e-05,7.504019668449517e-05,1.0,-0.0009532396045629388,6.244389572284408e-05,6.244389572284407e-05,0.9999999999999998,0.0005635026876654905,0.0,0.0,0.0,0.0005635026876654905,0,0,0
42,24.670000076293945,24.399999618530273,24.670000076293945,24.479999542236328,16000,23.696020126342773,2022-05-03,0.004101824099790541,-0.0066454627527515004,0.00021205355472645186,0.0002120535547264519,1.0000000000000002,0.0001292861174096793,0.0001292861174096793,1.0,-0.0037414062610906518,-0.0015295197363127343,7.553833067999246e-05,7.553833067999246e-05,1.0,-0.001237952667639001,5.686659290957547e-05,5.686659290957547e-05,1.0,0.0006387861219660235,0.0,0.0,0.0,0.0006387861219660235,0,0,0
43,25.1299991607666,24.5,24.739999771118164,25.040000915527344,54900,24.23808479309082,2022-05-04,0.02287576832978111,0.008719278501445901,0.00015636014314128897,0.00015636014314128897,1.0,0.00019840986063471516,0.00019840986063471516,1.0,-0.0017684045347595267,-0.0002914691762837374,0.00010526654977772148,0.00010526654977772148,1.0,-0.0002673364171578818,7.50790403330465e-05,7.507904033304649e-05,0.9999999999999998,0.0011020565846288379,0.0,0.0,0.0,0.0011020565846288379,0,0,0
44,25.110000610351562,24.200000762939453,25.110000610351562,24.489999771118164,45800,23.705698013305664,2022-05-05,-0.021964886430998698,0.0016709019995243175,0.0005071031165370333,0.0005071031165370332,0.9999999999999998,0.00023889088727432355,0.00023889088727432352,0.9999999999999999,-0.0038472916466063545,-0.0012519786195375193,0.00012869907365066136,0.00012869907365066133,0.9999999999999998,-0.0006880251926814259,8.828884833956784e-05,8.828884833956786e-05,1.0000000000000002,0.0006313026455343983,0.0,0.0,0.0,0.0006313026455343983,0,0,0
45,24.600000381469727,24.06599998474121,24.600000381469727,24.329999923706055,55500,23.550823211669922,2022-05-06,-0.006533231021031871,-0.001874116374083153,0.0005189515918139203,0.0005189515918139203,1.0,0.00021160667303576105,0.00021160667303576105,1.0,-0.0025775436256323834,-0.0017719961665529417,0.00012850318376087834,0.00012850318376087834,1.0,-0.0011211318351532773,8.751109592446136e-05,8.751109592446136e-05,1.0,0.00048801197220307293,0.0,0.0,0.0,0.00048801197220307293,0,0,0
46,24.469999313354492,23.90999984741211,24.469999313354492,23.90999984741211,33100,23.144271850585938,2022-05-09,-0.017262724000345342,-0.015253613817458636,6.25613899682239e-05,6.25613899682239e-05,1.0,0.00022851809597400054,0.0002285180959740005,0.9999999999999999,-0.004543913256766308,-0.00274323241022712,0.00013932530582886805,0.00013932530582886805,1.0,-0.0015915504408417602,9.612472381201529e-05,9.612472381201526e-05,0.9999999999999997,-0.00016960097399561835,0.0,0.0,0.0,0.00013995832568251576,0,0,0
47,24.469999313354492,23.700000762939453,24.469999313354492,23.829999923706055,51600,23.066835403442383,2022-05-10,-0.0033458147935465643,-0.009047256604974593,5.316033394510905e-05,5.316033394510905e-05,1.0,0.00021457906050941156,0.00021457906050941156,1.0,-0.003361529016813547,-0.002665381520005522,0.00013909256989916202,0.00013909256989916202,1.0,-0.0017425774753065948,9.594141198414933e-05,9.594141198414933e-05,1.0,-0.00025034795692353563,0.0,0.0,0.0,7.292422723580268e-05,0,0,0
48,24.20800018310547,23.684999465942383,24.049999237060547,23.700000762939453,32900,22.94099998474121,2022-05-11,-0.0054552528121127875,-0.008687930535334898,5.6257744414232514e-05,5.625774441423251e-05,0.9999999999999999,0.00021224327170854746,0.0002122432717085475,1.0000000000000002,-0.0040286680759569204,-0.002843539806751971,0.0001394373377953987,0.00013943733779539868,0.9999999999999998,-0.0020493610904167054,9.527973006167713e-05,9.527973006167713e-05,1.0,-9.43900145395138e-05,0.0,0.0,0.0,-3.138099992171789e-05,0,0,0
49,23.709999084472656,23.260000228881836,23.56999969482422,23.549999237060547,12300,22.795801162719727,2022-05-12,-0.006329228112029184,-0.0050434319058961785,2.352386101322671e-06,2.352386101322671e-06,1.0,0.00018313424093648588,0.00018313424093648585,0.9999999999999999,-0.005795175709853784,-0.003620076057312732,0.0001318061242556857,0.0001318061242556857,1.0,-0.002234134967468267,9.582100484530092e-05,9.582100484530092e-05,1.0,-0.0005406850508472783,0.0,0.0,0.0,-0.00014800779829407838,0,0,0
50,23.950000762939453,23.729999542236328,23.739999771118164,23.850000381469727,26600,23.086193084716797,2022-05-13,0.012738833784529557,0.00031811762012919537,0.00011589660073366331,0.00011589660073366331,1.0,0.00017320603725287791,0.0001732060372528779,0.9999999999999999,-0.0021994467881197187,-0.002875520792104963,0.00014519413637114348,0.00014519413637114348,1.0,-0.0017177154321310764,0.00010326649163864816,0.00010326649163864816,1.0,-0.00022508352743208615,0.0,0.0,0.0,8.6298412302715e-05,0,0,0
51,24.149999618530273,23.860000610351562,24.079999923706055,24.010000228881836,11800,23.241069793701172,2022-05-16,0.006708629197375249,0.0043727449566252075,9.499001251238713e-05,9.499001251238713e-05,1.0,0.0001811818832400438,0.00018118188324004378,0.9999999999999999,-0.001446608175858799,-0.0025223078200552807,0.0001495631308223023,0.0001495631308223023,1.0,-0.0015322235580082241,0.00010539691848519693,0.00010539691848519693,1.0,-4.20990415106548e-05,0.0,0.0,0.0,0.00020455431917901026,0,0,0
52,24.399999618530273,24.059999465942383,24.399999618530273,24.297000885009766,22800,23.518878936767578,2022-05-17,0.011953371575937455,0.010466944852614088,1.07479401435916e-05,1.07479401435916e-05,1.0,0.00019702740289049525,0.00019702740289049528,1.0000000000000002,-0.0006614534282441076,-0.00220142984466738,0.00015706590684022988,0.00015706590684022988,1.0,-0.0012401643002898587,0.00011081029320812667,0.00011081029320812665,0.9999999999999998,0.0005826969527756654,0.0,0.0,0.0,0.00041067392017477244,0,0,0
53,24.25,23.399999618530273,24.25,23.399999618530273,28300,22.650606155395508,2022-05-18,-0.036918119426801455,-0.00608537288449625,0.0007198705251608967,0.0007198705251608967,1.0,0.0002418067495504741,0.00024180674955047408,0.9999999999999999,-0.006640842203902364,-0.004204623369330945,0.00021477119662447969,0.00021477119662447969,1.0,-0.002407926852156613,0.00015327892335712578,0.0001532789233571258,1.0000000000000002,-5.837734503789438e-05,0.0,0.0,0.0,-0.00023292596511792114,0,0,0
54,23.5,23.100000381469727,23.5,23.25,72200,22.505407333374023,2022-05-19,-0.00641037246532572,-0.010458373438729907,0.0006093953921182084,0.0006093953921182084,1.0,0.00021303258225664778,0.00021303258225664778,1.0,-0.005085390807335066,-0.00446634122697071,0.00021447240386514353,0.00021447240386514353,1.0,-0.0025297826821367017,0.00015381181493158945,0.00015381181493158945,1.0,-0.00041637140073738535,0.0,0.0,0.0,-0.0003376284481722906,0,0,0
55,23.670000076293945,22.829999923706055,23.670000076293945,23.15999984741211,81100,22.418292999267578,2022-05-20,-0.0038708179245998675,-0.01573310327224235,0.0003382160164180281,0.0003382160164180281,1.0,0.00021288481577370032,0.00021288481577370032,1.0,-0.004819149497691866,-0.0036983465616621247,0.00020239723072175845,0.00020239723072175842,0.9999999999999999,-0.0027877139435992498,0.0001523939582612574,0.0001523939582612574,1.0,-0.0006210106381942681,0.0,0.0,0.0,-0.0003965149394460835,0,0,0
56,23.290000915527344,23.09000015258789,23.15999984741211,23.149999618530273,35100,22.572349548339844,2022-05-23,0.006871912552721904,-0.0011364259457345611,4.971244844572529e-05,4.971244844572529e-05,1.0,0.00020439485103021952,0.0002043948510302195,0.9999999999999999,-0.002405685842385141,-0.0034747995495757245,0.00020626718975873872,0.0002062671897587387,0.9999999999999999,-0.002630716887613127,0.00015474117429621428,0.0001547411742962143,1.0000000000000002,-0.00036454343771052277,0.0,0.0,0.0,-0.00027736039039414934,0,0,0
57,23.399999618530273,23.065000534057617,23.399999618530273,23.242000579833984,28100,22.66205406188965,2022-05-24,0.0039740884464729564,0.0023250610248649974,3.0891033105005756e-05,3.0891033105005756e-05,1.0,0.00020822369316217932,0.00020822369316217932,1.0,-0.0016736955183831892,-0.002517612267598368,0.00020102466803349664,0.0002010246680334966,0.9999999999999999,-0.0023348195194647444,0.00015597683933502702,0.00015597683933502702,1.0,-0.00027762766377581016,0.0,0.0,0.0,-0.00020878863496080893,0,0,0
58,23.3700008392334,23.170000076293945,23.34000015258789,23.34000015258789,17500,22.757610321044922,2022-05-25,0.004216575377250065,0.005020858792148308,2.584499996299663e-06,2.584499996299663e-06,1.0,0.00020945043645170477,0.00020945043645170477,1.0,-0.000706512699446904,-0.0023675903877019124,0.000202654050272139,0.000202654050272139,1.0,-0.0021311974376502824,0.00015740721535265385,0.00015740721535265385,1.0,-0.0005567841847371557,0.0,0.0,0.0,-0.0001385447617511125,0,0,0
59,23.6299991607666,23.3799991607666,23.600000381469727,23.3799991607666,18900,22.79660987854004,2022-05-27,-0.00128157284258823,0.001978037318015935,8.339349638974917e-06,8.339349638974917e-06,1.0,0.00018716915951068916,0.00018716915951068916,1.0,-0.0011757196090171674,-0.001687583198568443,0.00017097983460832993,0.00017097983460832993,1.0,-0.0023089203977423645,0.0001538783857607393,0.0001538783857607393,1.0,-0.0010384114691581049,0.00011243338516240892,0.00011243338516240894,1.0000000000000002,-0.00010785820636188228,0,0,0
60,23.59000015258789,23.40999984741211,23.579999923706055,23.59000015258789,21400,23.00136947631836,2022-05-31,0.008982019645433104,0.0035665187407436147,2.6576797693514644e-05,2.6576797693514644e-05,1.0,0.0001916691462048676,0.00019166914620486763,1.0000000000000002,-0.0009483805642113818,-0.0011974943700350904,0.00017667896940890747,0.00017667896940890747,1.0,-0.0019976654014406477,0.00015804264763834974,0.00015804264763834974,1.0,-0.0010509415107517995,0.00010984976344661883,0.00010984976344661884,1.0000000000000002,2.986721563501145e-05,0,0,0
61,23.600000381469727,23.450000762939453,23.59000015258789,23.600000381469727,24100,23.011123657226562,2022-06-01,0.0004240695719550658,0.0027081721249333133,3.02481760444333e-05,3.0248176044433296e-05,0.9999999999999999,0.00017190647182937046,0.00017190647182937043,0.9999999999999999,-0.0021013107646096207,-0.0013813820964268641,0.00017530372727495895,0.00017530372727495892,0.9999999999999999,-0.00216805681798146,0.00015625783799873492,0.00015625783799873492,1.0,-0.0012953244391541462,0.00010984332917664219,0.00010984332917664219,1.0,3.5750832893519726e-05,0,0,0
62,23.600000381469727,23.43000030517578,23.533000946044922,23.53700065612793,20200,22.94969367980957,2022-06-02,-0.002669577476182905,0.0022455039137350883,3.642814616717433e-05,3.642814616717433e-05,1.0,2.421941616953468e-05,2.4219416169534675e-05,0.9999999999999999,0.0013235434304522341,-0.002658649386725065,0.00014270487811282357,0.00014270487811282357,1.0,-0.0023619011027365524,0.00015525396560341702,0.00015525396560341702,1.0,-0.0012238616049847551,0.00010725408730518683,0.00010725408730518683,1.0,-4.033406945839463e-06,0,0,0
63,23.65999984741211,23.565000534057617,23.600000381469727,23.65999984741211,14100,23.069622039794922,2022-06-03,0.005225706349660797,0.000993399481810986,1.5826979082349704e-05,1.5826979082349704e-05,1.0,1.776092587467041e-05,1.776092587467041e-05,1.0,0.002487151311950886,-0.0012991197476920902,0.00012441360757492966,0.00012441360757492963,0.9999999999999998,-0.0021485103806635117,0.00015714359987018442,0.00015714359987018445,1.0000000000000002,-0.0009324630146856916,0.00010364295052615659,0.00010364295052615659,1.0,7.175992286005381e-05,0,0,0
64,23.670000076293945,23.510000228881836,23.510000228881836,23.65999984741211,17200,23.069622039794922,2022-06-06,0.0,0.000852042957825964,1.6128359574142903e-05,1.6128359574142903e-05,1.0,1.379023984078962e-05,1.3790239840789619e-05,0.9999999999999999,0.0028742331044108727,-0.0009724581966404966,0.00012294821999168923,0.00012294821999168923,1.0,-0.0015074866729711256,0.00014681557122044913,0.00014681557122044913,1.0,-0.001061662379748165,0.00010351681119372729,0.00010351681119372729,1.0,7.07347811049102e-05,0,0,0
65,23.68000030517578,23.586999893188477,23.670000076293945,23.6299991607666,15300,23.040372848510742,2022-06-07,-0.0012678660809321007,0.001319280089576232,1.1846995693903241e-05,1.1846995693903241e-05,1.0,1.3184678181820897e-05,1.3184678181820897e-05,1.0,0.002060255241045472,-0.00017271530066983453,0.00010831257430061744,0.00010831257430061743,0.9999999999999999,-0.0016297812860353255,0.00014627531905587183,0.00014627531905587183,1.0,-0.00102401638477299,0.00010345475680242364,0.00010345475680242366,1.0000000000000002,5.1881247836783275e-05,0,0,0
66,23.729999542236328,23.610000610351562,23.729999542236328,23.700000762939453,20700,23.108627319335938,2022-06-08,0.0029623856902822876,0.0005648398697833956,4.71304057083831e-06,4.71304057083831e-06,1.0,1.2856759022104783e-05,1.2856759022104783e-05,1.0,0.0019590849654264053,0.00014269472352160806,0.00010819523894085768,0.00010819523894085766,0.9999999999999999,-0.0010253798565901103,0.00014030293027390308,0.00014030293027390308,1.0,-0.0009884685957753136,9.776655487762602e-05,9.776655487762604e-05,1.0000000000000002,9.23049206485264e-05,0,0,0
67,23.690000534057617,23.549999237060547,23.59000015258789,23.6299991607666,10000,23.040372848510742,2022-06-09,-0.0029536358816122377,-0.0004197054240873503,9.289360184644831e-06,9.289360184644831e-06,1.0,1.4400911267858204e-05,1.4400911267858201e-05,0.9999999999999998,0.001242063839540175,0.00026777557004663554,0.0001070340464272379,0.00010703404642723791,1.0000000000000002,-0.0011643723119545498,0.0001402379027879199,0.0001402379027879199,1.0,-0.0011225064262313689,9.752089792857407e-05,9.752089792857407e-05,1.0,5.0579704179200856e-05,0,0,0
68,23.5,23.25,23.5,23.3799991607666,31300,22.79660987854004,2022-06-10,-0.010579818806467745,-0.0035236896659325647,4.609154664571264e-05,4.6091546645712647e-05,1.0000000000000002,2.7537685817862526e-05,2.7537685817862523e-05,0.9999999999999999,-0.0001158289830451964,5.524603532470751e-05,0.00011088912380163174,0.00011088912380163175,1.0000000000000002,-0.0018948945464014562,0.0001373546351023825,0.00013735463510238248,0.9999999999999998,-0.0013183825663510773,9.724173866587634e-05,9.724173866587634e-05,1.0,-9.307432974846056e-05,0,0,0
69,23.1200008392334,22.795000076293945,23.010000228881836,22.8799991607666,22500,22.309085845947266,2022-06-13,-0.02138581285508212,-0.0116397558477207,8.57788868938934e-05,8.57788868938934e-05,1.0,7.316382009815726e-05,7.316382009815725e-05,0.9999999999999998,-0.0021262529842945854,-0.0016509862966558764,0.0001235533886824842,0.0001235533886824842,1.0,-0.0018338064604771572,0.00013477152113727857,0.00013477152113727857,1.0,-0.0016910237779409964,0.00010346669197482625,0.00010346669197482624,0.9999999999999999,-0.0003769775100862427,0,0,0
70,23.459999084472656,22.665000915527344,23.06999969482422,22.75,52700,22.182331085205078,2022-06-14,-0.005681755030998437,-0.012549128897516101,6.456299471156965e-05,6.456299471156965e-05,1.0,5.84688473438953e-05,5.8468847343895295e-05,0.9999999999999999,-0.0035926304519377393,-0.0022705055080745606,0.00012032643312013531,0.00012032643312013531,1.0,-0.00199587306400264,0.00013521946748976482,0.00013521946748976484,1.0000000000000002,-0.0018275363380347587,0.00010342226001835463,0.00010342226001835463,1.0,-0.00044677721430877156,0,0,0
71,23.170000076293945,22.81999969482422,23.170000076293945,22.950000762939453,14200,22.37734031677246,2022-06-15,0.008791196507631494,-0.006092123792816355,0.00022778927540983323,0.00022778927540983326,1.0000000000000002,7.293822620687765e-05,7.293822620687765e-05,1.0,-0.002755917758370097,-0.002428614261489859,0.00011609183336355968,0.00011609183336355968,1.0,-0.0018395606504079418,0.0001379245003215797,0.0001379245003215797,1.0,-0.0017155442847698588,0.00010476284219386326,0.00010476284219386326,1.0,-0.00032680352960824866,0,0,0
72,22.81999969482422,22.410999298095703,22.81999969482422,22.510000228881836,36800,21.948318481445312,2022-06-16,-0.019172154923415285,-0.005354237815594076,0.00019556770645884615,0.00019556770645884615,1.0,9.985510195959903e-05,9.985510195959902e-05,0.9999999999999999,-0.004406175503093334,-0.0015413160363205503,6.741152939207138e-05,6.741152939207137e-05,0.9999999999999998,-0.0032411580921811547,0.00012518784776882649,0.00012518784776882649,1.0,-0.0020612825258221877,0.00010454115718143318,0.00010454115718143317,0.9999999999999999,-0.0005684105987596209,0,0,0
73,22.690000534057617,22.309999465942383,22.34000015258789,22.5,24500,21.938568115234375,2022-06-17,-0.00044424205978144116,-0.0036084001585217442,0.00020299617816942438,0.00020299617816942438,1.0,9.093387274707072e-05,9.093387274707072e-05,1.0,-0.004973170344037559,-0.0012430095160433363,6.613343071840637e-05,6.613343071840637e-05,1.0,-0.002523803279807246,0.000112836358064736,0.00011283635806473598,0.9999999999999999,-0.0020150734156993556,0.00010087644219042302,0.00010087644219042302,1.0,-0.0005668388451016693,0,0,0
74,22.6299991607666,22.389999389648438,22.6299991607666,22.450000762939453,24100,22.109933853149414,2022-06-21,0.007811163290827539,-0.003935077897456396,0.00019116431659696898,0.00019116431659696898,1.0,0.00010566779897164086,0.00010566779897164084,0.9999999999999999,-0.0041920540149548045,-0.000658910455271966,6.972549566202321e-05,6.972549566202321e-05,1.0,-0.002045656802745266,0.00011572867880950265,0.00011572867880950265,1.0,-0.001936192548268336,9.959771771406346e-05,9.959771771406348e-05,1.0000000000000002,-0.00046211381840255417,0,0,0
75,22.579999923706055,22.200000762939453,22.200000762939453,22.459999084472656,8700,22.119781494140625,2022-06-22,0.0004453944121505238,0.002604105214398874,2.0532953621523625e-05,2.0532953621523625e-05,1.0,0.00010707463527040328,0.00010707463527040327,0.9999999999999999,-0.004020727965646542,-0.000980236362300535,6.669608446686154e-05,6.669608446686154e-05,1.0,-0.0014553861889954037,0.00010759742433140808,0.0001075974243314081,1.0000000000000002,-0.0019705246774880903,9.77773711344335e-05,9.77773711344335e-05,1.0,-0.00045091001308708405,0,0,0
76,22.780000686645508,22.450000762939453,22.780000686645508,22.54400062561035,12200,22.202510833740234,2022-06-23,0.0037400613392823967,0.003998873014086819,1.3613875405783014e-05,1.3613875405783016e-05,1.0000000000000002,0.0001083419126440005,0.00010834191264400049,0.9999999999999999,-0.003942960400746531,-0.000991937717660063,6.6576775921935e-05,6.6576775921935e-05,1.0,-0.0012191903179011052,0.00010834726226328817,0.00010834726226328817,1.0,-0.0017976667987428718,9.508951681998179e-05,9.508951681998179e-05,1.0,-0.0003998006063508709,0,0,0
77,22.770000457763672,22.649999618530273,22.709999084472656,22.68000030517578,12100,22.336450576782227,2022-06-24,0.006032639463391165,0.003406031738274695,7.888008646415282e-06,7.888008646415282e-06,1.0,0.00011839285877595631,0.00011839285877595631,1.0,-0.003044332866246191,-0.0009011345133530079,6.773736389427427e-05,6.773736389427428e-05,1.0000000000000002,-0.0008362605753843066,0.00010939021930090368,0.00010939021930090368,1.0,-0.0016391722679313726,9.560283872203289e-05,9.560283872203289e-05,1.0,-0.00032230132840217166,0,0,0
78,22.90999984741211,22.690000534057617,22.90999984741211,22.770000457763672,25600,22.425086975097656,2022-06-27,0.003968240075151508,0.00458031362594169,1.594954137468196e-06,1.594954137468196e-06,1.0,0.00011519597312938301,0.000115195973129383,0.9999999999999999,-0.0015895269780842659,-0.0008526779805647311,6.818220312779583e-05,6.818220312779583e-05,1.0,-0.0004930116358116169,0.00010902387237355306,0.00010902387237355306,1.0,-0.0017438374044120631,9.500310032805673e-05,9.500310032805673e-05,1.0,-0.00027122345455034215,0,0,0
79,22.8799991607666,22.59000015258789,22.8799991607666,22.59000015258789,411900,22.247812271118164,2022-06-28,-0.007905195827171196,0.0006985612371238256,5.658391292459594e-05,5.658391292459594e-05,1.0,7.40650881229588e-05,7.40650881229588e-05,1.0,-0.0002414652752931734,-0.0011838591297938794,7.067485776473991e-05,7.067485776473991e-05,1.0,-0.0011811459562016422,0.0001043912129243075,0.0001043912129243075,1.0,-0.0018588958905629705,9.476434825205369e-05,9.476434825205369e-05,1.0,-0.0003610348942282345,0,0,0
80,22.790000915527344,22.610000610351562,22.790000915527344,22.709999084472656,30400,22.36599349975586,2022-06-29,0.005312038199419611,0.0004583608157999741,5.291325813983702e-05,5.2913258139837014e-05,0.9999999999999999,7.286045470721398e-05,7.286045470721398e-05,1.0,0.0008579140477486313,-0.0013673582020945541,6.742107632518032e-05,6.742107632518034e-05,1.0000000000000002,-0.00122769898946683,0.00010369631199181188,0.00010369631199181185,0.9999999999999998,-0.0017455425217022102,9.539393732895965e-05,9.539393732895965e-05,1.0,-0.000295068928023027,0,0,0
81,23.229999542236328,22.5,23.229999542236328,22.690000534057617,14600,22.346298217773438,2022-06-30,-0.0008805905260875768,-0.0011579160512797209,4.373150091360979e-05,4.3731500913609784e-05,0.9999999999999999,6.516390816525875e-05,6.516390816525875e-05,1.0,-0.0001092646556232757,-0.0014325912069966863,6.72601617147697e-05,6.726016171476971e-05,1.0000000000000002,-0.0016554977262009977,9.752008820769602e-05,9.752008820769602e-05,1.0,-0.0018738705735875504,9.530338290410059e-05,9.530338290410059e-05,1.0,-0.00030179906133411384,0,0,0
82,22.790000915527344,22.610000610351562,22.610000610351562,22.75,17300,22.4053897857666,2022-07-01,0.002644356009988469,0.002358601227773501,9.648404479663237e-06,9.648404479663237e-06,1.0,2.0340866662755648e-05,2.034086666275565e-05,1.0000000000000002,0.0020723864377171,-0.0011668945326881175,6.798013377398838e-05,6.798013377398838e-05,1.0,-0.0003367485449746669,5.348089065126192e-05,5.348089065126192e-05,1.0,-0.0018838984747171783,9.514913536374321e-05,9.51491353637432e-05,0.9999999999999999,-0.0002683200264327208,0,0,0
83,22.84000015258789,22.639999389648438,22.84000015258789,22.719999313354492,23100,22.375843048095703,2022-07-05,-0.0013187334812477802,0.0001483440008843706,4.720549274483036e-06,4.720549274483036e-06,1.0,2.0906400194506405e-05,2.0906400194506402e-05,0.9999999999999999,0.0019849372955704657,-0.0014941165242335463,6.571782979452905e-05,6.571782979452904e-05,0.9999999999999998,-0.00016702724550540226,5.221231228244816e-05,5.221231228244816e-05,1.0,-0.0018867528380915254,9.51452188499776e-05,9.51452188499776e-05,1.0,-0.0002801224248014294,0,0,0
84,22.93000030517578,22.75,22.93000030517578,22.78700065612793,22300,22.441829681396484,2022-07-06,0.0029490121627573362,0.0014248782304993417,5.668757761481962e-06,5.668757761481962e-06,1.0,1.6975342377007814e-05,1.6975342377007814e-05,1.0,0.0014987221827634455,-0.0013466659160956795,6.661647056844322e-05,6.661647056844321e-05,0.9999999999999998,6.0300424073171194e-05,5.2020632976193636e-05,5.2020632976193636e-05,1.0,-0.0014431583702209472,9.53850011434391e-05,9.53850011434391e-05,1.0,-0.000244243151606332,0,0,0
85,22.940000534057617,22.739999771118164,22.940000534057617,22.739999771118164,22500,22.39554214477539,2022-07-07,-0.002062556274520899,-0.00014409253100378105,7.313790571873448e-06,7.313790571873448e-06,1.0,1.819136717626288e-05,1.8191367176262877e-05,0.9999999999999998,0.0012479271140963034,-0.0013864004257751195,6.664145546139453e-05,6.664145546139453e-05,1.0,-0.00023751520350158892,5.04843445738067e-05,5.04843445738067e-05,1.0,-0.001532428941931243,9.530791462771372e-05,9.530791462771374e-05,1.0000000000000002,-0.00026422461449550306,0,0,0
86,22.940000534057617,22.760000228881836,22.760000228881836,22.940000534057617,14700,22.592512130737305,2022-07-08,0.008795053260537644,0.003227169716258027,2.9529949922375668e-05,2.9529949922375668e-05,1.0,2.3546154480880553e-05,2.3546154480880553e-05,1.0,0.001753426306221828,-0.0010947670472623515,7.101245851055573e-05,7.101245851055571e-05,0.9999999999999998,-7.681637636609931e-05,5.265934334490309e-05,5.265934334490309e-05,1.0,-0.0010531347328590068,9.656931392898127e-05,9.656931392898127e-05,1.0,-0.00016575420281036014,0,0,0
87,23.059999465942383,22.854999542236328,23.059999465942383,22.90999984741211,17100,22.56296730041504,2022-07-11,-0.0013077266552430356,0.0018082567769245699,3.67539357661058e-05,3.67539357661058e-05,1.0,2.1954031673484406e-05,2.1954031673484402e-05,0.9999999999999999,0.001019389694358408,-0.0010124715859438915,7.08258536469895e-05,7.08258536469895e-05,1.0,-0.0002609597774492027,5.2040883469032465e-05,5.2040883469032465e-05,1.0,-0.0011036120215502864,9.65614848252444e-05,9.65614848252444e-05,1.0,-0.0001780334764924319,0,0,0
88,22.969999313354492,22.850000381469727,22.969999313354492,22.850000381469727,17600,22.503875732421875,2022-07-12,-0.002618962621644072,0.0016227879945501789,3.90108767241636e-05,3.90108767241636e-05,1.0,2.1976561125727725e-05,2.1976561125727722e-05,0.9999999999999999,0.00036066942467885,-0.0006144287767027079,6.59773230706709e-05,6.59773230706709e-05,1.0,-0.0004482288454835374,5.1829850197646403e-05,5.182985019764641e-05,1.0000000000000002,-0.0013827082385219568,9.655499652454311e-05,9.655499652454311e-05,1.0,-0.00020400080782383235,0,0,0
89,22.989999771118164,22.81999969482422,22.989999771118164,22.81999969482422,25100,22.474328994750977,2022-07-13,-0.0013129621769253363,-0.001746550484604148,5.708340553127469e-07,5.708340553127469e-07,1.0,1.4213312228639145e-05,1.4213312228639145e-05,1.0,0.001019892789703436,0.0003892137572051313,4.2234774947633756e-05,4.2234774947633756e-05,1.0,-0.00044927515662810763,5.183168704847349e-05,5.183168704847349e-05,1.0,-0.0009445983734042418,9.615466173545251e-05,9.615466173545253e-05,1.0000000000000002,-0.00021567408539332184,0,0,0
90,22.979999542236328,22.79400062561035,22.799999237060547,22.93000030517578,57200,22.58266258239746,2022-07-14,0.0048203257891163975,0.00029613366351566306,1.577764508241215e-05,1.577764508241215e-05,1.0,1.3768490079243005e-05,1.3768490079243005e-05,1.0,0.0009707215486731147,0.000914317798210873,4.1038112144180914e-05,4.103811214418091e-05,0.9999999999999999,-0.0005879982851719978,4.9702102541308486e-05,4.9702102541308486e-05,1.0,-0.0008317967191172348,9.654564767092269e-05,9.654564767092269e-05,1.0,-0.00016321575336717895,0,0,0
91,23.399999618530273,22.969999313354492,23.399999618530273,23.06999969482422,58400,22.72054100036621,2022-07-15,0.006105498741154847,0.0032042874511153028,1.5717075530687775e-05,1.5717075530687775e-05,1.0,1.577493853405277e-05,1.577493853405277e-05,1.0,0.001669330475397357,0.0007800329098870407,3.917192755232922e-05,3.9171927552329216e-05,0.9999999999999998,-0.00039861731286533844,5.1174608283165775e-05,5.1174608283165775e-05,1.0,-0.0007917232262899487,9.713445430688308e-05,9.713445430688307e-05,0.9999999999999999,-9.858983074324053e-05,0,0,0
92,23.229999542236328,22.65999984741211,23.229999542236328,22.65999984741211,50700,22.514867782592773,2022-07-18,-0.009052302837776693,0.0006245072308315169,7.064340720710073e-05,7.064340720710073e-05,1.0,2.6921778899492615e-05,2.692177889949261e-05,0.9999999999999999,0.0004996645906208408,0.0012860255141689703,2.3038477900100195e-05,2.3038477900100192e-05,0.9999999999999999,-0.0006113748249184647,5.3532230363601426e-05,5.3532230363601426e-05,1.0,-0.0014302846496411048,9.81170894791809e-05,9.81170894791809e-05,1.0,-0.0001899542491823574,0,0,0
93,22.89299964904785,22.760000228881836,22.889999389648438,22.8799991607666,28300,22.733457565307617,2022-07-19,0.009708686048063075,0.0022539606504804097,9.91194352415879e-05,9.91194352415879e-05,1.0,3.4626124067082986e-05,3.462612406708298e-05,0.9999999999999998,0.0016024065435519264,0.001793671919561196,2.6343387749237044e-05,2.6343387749237044e-05,1.0,-0.00046194216830505546,5.600679023317182e-05,5.600679023317182e-05,1.0,-0.0007968132000598693,9.828488873474314e-05,9.828488873474314e-05,1.0,-8.996798355361566e-05,0,0,0
94,23.049999237060547,22.8700008392334,23.0,22.979999542236328,41000,22.83281898498535,2022-07-20,0.004370713051118358,0.00167569875380158,9.344100254070723e-05,9.344100254070723e-05,1.0,3.525368527647881e-05,3.525368527647881e-05,1.0,0.0017445766323880285,0.001621649407575737,2.4755972154388453e-05,2.4755972154388456e-05,1.0000000000000002,-0.0003162517332677769,5.67828038475553e-05,5.67828038475553e-05,1.0,-0.0005787343186168648,9.873069016028806e-05,9.873069016028806e-05,1.0,-4.5361173206895924e-05,0,0,0
95,23.1200008392334,22.900999069213867,23.0,23.079999923706055,20700,22.932178497314453,2022-07-21,0.004351609514113841,0.006143669537765091,9.532098275304432e-06,9.532098275304432e-06,1.0,3.394126385415898e-05,3.394126385415897e-05,0.9999999999999998,0.0023859932112515027,0.0018169601626739028,2.5035244814803524e-05,2.5035244814803524e-05,1.0,-0.0001289358800995788,5.746662253350988e-05,5.746662253350988e-05,1.0,-0.00014644764832768108,9.917042930122577e-05,9.917042930122578e-05,1.0000000000000002,-1.826809966096545e-06,0,0,0
96,23.170000076293945,23.030000686645508,23.170000076293945,23.049999237060547,20200,22.90237045288086,2022-07-22,-0.0012998348341429766,0.0024741625770297406,1.06823835809353e-05,1.06823835809353e-05,1.0,2.9754441754208788e-05,2.975444175420879e-05,1.0000000000000002,0.0013765044017834405,0.0015649653540026343,2.5285037722422705e-05,2.5285037722422702e-05,0.9999999999999999,-0.0002710098975804209,5.716349096508839e-05,5.716349096508839e-05,1.0,-0.00010552804913960934,9.850272860404675e-05,9.850272860404675e-05,1.0,-1.455237883057576e-05,0,0,0
97,23.200000762939453,23.040000915527344,23.200000762939453,23.059999465942383,29100,22.91230583190918,2022-07-25,0.00043381444068257835,0.0011618630402178143,8.382246877824895e-06,8.382246877824895e-06,1.0,2.9018916360472697e-05,2.9018916360472697e-05,1.0,0.0015506585113760018,0.0012850241028672048,2.4219356057120538e-05,2.4219356057120534e-05,0.9999999999999999,-0.0001580948868372604,5.691927721295293e-05,5.691927721295293e-05,1.0,1.2253295916297979e-05,9.825941938640586e-05,9.825941938640586e-05,1.0,-1.0199302912972324e-05,0,0,0
98,23.1299991607666,22.989999771118164,23.1299991607666,23.0,49500,22.852689743041992,2022-07-26,-0.0026019244551179765,-0.0011559816161927916,2.3194479721050606e-06,2.3194479721050606e-06,1.0,2.90031581238923e-05,2.90031581238923e-05,1.0,0.0015523623280286115,0.0009565158763537307,2.4522007006634273e-05,2.452200700663427e-05,0.9999999999999999,0.00010783492487439853,5.330680871499068e-05,5.3306808714990687e-05,1.0000000000000002,8.679936905452212e-05,9.829399548821952e-05,9.82939954882195e-05,0.9999999999999999,-3.511973706878967e-05,0,0,0
99,23.200000762939453,22.969999313354492,23.15999984741211,23.1299991607666,51000,22.981857299804688,2022-07-27,0.005652181787573651,0.0011613572577127511,1.7429556379369374e-05,1.7429556379369374e-05,1.0,2.9419503905842855e-05,2.941950390584285e-05,0.9999999999999999,0.00224887672447851,0.001634384757090973,2.1065650145790214e-05,2.1065650145790214e-05,1.0,0.0010091014129629242,3.7596272465630364e-05,3.7596272465630364e-05,1.0,-5.4933670884595996e-05,9.373989425789769e-05,9.373989425789769e-05,1.0,1.9045039356376432e-05,0,0,0
100,23.299999237060547,23.1200008392334,23.25,23.239999771118164,33300,23.091154098510742,2022-07-28,0.004755786152539798,0.002602014494998491,2.05116167310314e-05,2.05116167310314e-05,1.0,2.9383040356065796e-05,2.9383040356065803e-05,1.0000000000000002,0.0022424227608208503,0.0016065721547469825,2.0865783883298388e-05,2.0865783883298385e-05,0.9999999999999999,0.0013570194524141987,3.6411399283520365e-05,3.641139928352037e-05,1.0000000000000002,-9.399053178130501e-05,9.40564282766021e-05,9.405642827660211e-05,1.0000000000000002,6.373127627320117e-05,0,0,0
101,23.354999542236328,23.030000686645508,23.030000686645508,23.25,55800,23.101089477539062,2022-07-29,0.0004302677547398659,0.003612745231617772,7.797003451753308e-06,7.797003451753308e-06,1.0,2.773189869621185e-05,2.7731898696211845e-05,0.9999999999999999,0.0016748996621793522,0.0016721150687883546,2.0608510007978347e-05,2.0608510007978347e-05,1.0,0.0010783218273178112,3.4454906498478724e-05,3.4454906498478724e-05,1.0,-0.0003244526082052568,9.074887948446576e-05,9.074887948446576e-05,1.0,6.715685083831019e-05,0,0,0
102,23.389999389648438,23.270000457763672,23.389999389648438,23.290000915527344,30700,23.14083480834961,2022-08-01,0.0017204959467038705,0.002302183284661178,4.931297471781318e-06,4.931297471781318e-06,1.0,1.365677493854614e-05,1.3656774938546138e-05,0.9999999999999999,0.0027521795406274087,0.0016259220656241248,2.0556636975913907e-05,2.0556636975913907e-05,1.0,0.0017747435229884497,1.982664731301681e-05,1.9826647313016807e-05,0.9999999999999998,0.0004483196992648497,9.077928888335033e-05,9.077928888335033e-05,1.0,8.24655461703987e-05,0,0,0
103,23.350000381469727,23.200000762939453,23.350000381469727,23.200000762939453,19800,23.051410675048828,2022-08-02,-0.0038643434448836222,-0.0005711932478132953,8.549800862182925e-06,8.549800862182927e-06,1.0000000000000002,1.1097072790564021e-05,1.1097072790564021e-05,1.0,0.0013948765913327388,0.0014986415674423325,2.1669690269692817e-05,2.1669690269692817e-05,1.0,0.0016607401434850437,2.073994047503537e-05,2.073994047503537e-05,1.0,0.0004992402796736916,8.873207730275749e-05,8.87320773027575e-05,1.0000000000000002,4.625628937173796e-05,0,0,0
104,23.3799991607666,23.270000457763672,23.34000015258789,23.270000457763672,71500,23.120962142944336,2022-08-03,0.0030172326056725485,0.0002911283691642656,1.3371340988688145e-05,1.3371340988688147e-05,1.0000000000000002,1.038521117614788e-05,1.0385211176147876e-05,0.9999999999999997,0.001259528546788158,0.0015020525895880932,2.1680338226334773e-05,2.1680338226334773e-05,1.0,0.0015009424539798772,1.9472571780603278e-05,1.947257178060328e-05,1.0000000000000002,0.00063700129027914,8.085203470149502e-05,8.085203470149502e-05,1.0,7.32651649744726e-05,0,0,0
105,23.399999618530273,23.299999237060547,23.399999618530273,23.299999237060547,37200,23.150768280029297,2022-08-04,0.0012891391327352064,0.0001473427645080442,1.2816796444769621e-05,1.2816796444769621e-05,1.0,9.218771131105684e-06,9.218771131105685e-06,1.0000000000000002,0.0009532815086502944,0.0016696373599508984,2.0984401525328117e-05,2.0984401525328114e-05,0.9999999999999999,0.0015290672779993666,1.9434880360137648e-05,1.9434880360137648e-05,1.0,0.0005253458218794061,8.088537369798424e-05,8.088537369798424e-05,1.0,8.421898450384859e-05,0,0,0
106,23.3799991607666,23.299999237060547,23.3700008392334,23.31999969482422,20900,23.17064094543457,2022-08-05,0.000858401983247159,0.001721591240551638,1.3053985332465545e-06,1.3053985332465545e-06,1.0,8.603956714903992e-06,8.603956714903992e-06,1.0,0.001169105190389308,0.0012728047960863741,1.818108728349735e-05,1.818108728349735e-05,1.0,0.0014330119661315256,1.9272276860496793e-05,1.9272276860496793e-05,1.0,0.0004630320926148901,8.060562561650346e-05,8.060562561650346e-05,1.0,9.113133270691385e-05,0,0,0
107,23.420000076293945,23.31999969482422,23.420000076293945,23.385000228881836,45900,23.235225677490234,2022-08-08,0.002787351985979125,0.0016449643673204968,1.0251707264356708e-06,1.0251707264356708e-06,1.0,8.773307415695146e-06,8.773307415695146e-06,1.0,0.0014044589449189627,0.0014775587281474823,1.790720450271956e-05,1.790720450271956e-05,1.0,0.0013248357168844575,1.8593883782868492e-05,1.8593883782868492e-05,1.0,0.0004344476247894713,7.226205779639696e-05,7.226205779639698e-05,1.0000000000000002,0.00011499169247038476,0,0,0
108,23.40999984741211,23.329999923706055,23.399999618530273,23.329999923706055,26200,23.18057632446289,2022-08-09,-0.002352004399952423,0.0004312498564246203,6.7400902199906095e-06,6.74009021999061e-06,1.0000000000000002,8.55704773901441e-06,8.55704773901441e-06,1.0,0.001429450950435518,0.0014909066392320646,1.7795652042098396e-05,1.7795652042098396e-05,1.0,0.0011141609010476598,1.8773195862269862e-05,1.877319586226986e-05,0.9999999999999998,0.00032742534840270345,6.509391962409135e-05,6.509391962409135e-05,1.0,9.335137587018468e-05,0,0,0
109,23.489999771118164,23.3799991607666,23.489999771118164,23.450000762939453,64100,23.299808502197266,2022-08-10,0.0051436243890341515,0.0018596573250202846,1.4691575773549739e-05,1.469157577354974e-05,1.0000000000000002,8.105688355271449e-06,8.105688355271449e-06,1.0,0.001378595210581568,0.001813735967530039,1.7974404206167497e-05,1.7974404206167497e-05,1.0,0.0015491215749211713,1.6332232295913115e-05,1.6332232295913112e-05,0.9999999999999998,0.00045592929303515104,6.492152393168624e-05,6.492152393168624e-05,1.0,0.0001372667933759583,0,0,0
110,23.530000686645508,23.309999465942383,23.489999771118164,23.450000762939453,51200,23.299808502197266,2022-08-11,0.0,0.0009305399963605762,1.4695541249191144e-05,1.4695541249191142e-05,0.9999999999999999,6.798283455640869e-06,6.79828345564087e-06,1.0000000000000002,0.0009030165953275882,0.0015727196780742192,1.76106294045351e-05,1.76106294045351e-05,1.0,0.0013720536349405177,1.5894289001771388e-05,1.5894289001771384e-05,0.9999999999999998,0.000276288900126489,6.0265111827733325e-05,6.0265111827733325e-05,1.0,0.0001360834589503035,0,0,0
111,23.6299991607666,23.450000762939453,23.6299991607666,23.459999084472656,19400,23.309743881225586,2022-08-12,0.00042641462170744937,0.0018566796702472004,8.148461545672548e-06,8.148461545672548e-06,1.0,6.798689732342889e-06,6.7986897323428885e-06,0.9999999999999999,0.0009026312820243465,0.0012887654721018492,1.6513541479575197e-05,1.6513541479575197e-05,1.0,0.001415620473200352,1.5748181599883645e-05,1.5748181599883642e-05,0.9999999999999998,0.0002763358011215367,6.00739351921454e-05,6.0073935192145396e-05,0.9999999999999999,0.00013856492187985174,0,0,0
112,23.510000228881836,23.399999618530273,23.510000228881836,23.459999084472656,42500,23.309743881225586,2022-08-15,0.0,0.00014213820723581647,6.060980986863571e-08,6.060980986863571e-08,1.0,6.7820041758201244e-06,6.782004175820124e-06,0.9999999999999999,0.0007305816873539595,0.001741380613990684,1.0757015864794496e-05,1.0757015864794496e-05,1.0,0.001327475272867403,1.575718515210868e-05,1.575718515210868e-05,1.0,0.0003297273506451948,5.956921053656467e-05,5.956921053656467e-05,1.0,0.00013739064288086994,0,0,0
113,23.5,23.3799991607666,23.5,23.459999084472656,42100,23.309743881225586,2022-08-16,0.0,0.00014213820723581647,6.060980986863571e-08,6.060980986863571e-08,1.0,4.329459465267558e-06,4.329459465267557e-06,0.9999999999999998,0.0011170160318423217,0.0012559463115875303,7.327622250267676e-06,7.327622250267676e-06,1.0,0.0013714330555756624,1.5574488642794878e-05,1.5574488642794878e-05,1.0,0.0002252132236519788,5.8879264372602115e-05,5.8879264372602115e-05,1.0,0.00013623609966338364,0,0,0
114,23.459999084472656,23.350000381469727,23.440000534057617,23.350000381469727,47600,23.200448989868164,2022-08-17,-0.004688807046286381,-0.0015629356820954603,7.328303839101604e-06,7.328303839101604e-06,1.0,7.013732118080493e-06,7.013732118080492e-06,0.9999999999999999,0.00034641206664642876,0.0008029703067172933,8.461020956820393e-06,8.461020956820391e-06,0.9999999999999998,0.0011168390819408717,1.668804766039716e-05,1.668804766039716e-05,1.0,0.0001314370827262512,5.681697813167723e-05,5.6816978131677236e-05,1.0000000000000002,9.602740678046895e-05,0,0,0
115,23.469999313354492,23.3799991607666,23.399999618530273,23.450000762939453,16100,23.299808502197266,2022-08-18,0.0042826547181260555,-0.00013538410938677506,2.0135528190384415e-05,2.013552819038441e-05,0.9999999999999998,8.53697193299085e-06,8.53697193299085e-06,1.0,0.0006457636251855136,0.000799522566917904,8.435501253690637e-06,8.435501253690635e-06,0.9999999999999998,0.0013283461150291034,1.6638798593440273e-05,1.6638798593440273e-05,1.0,0.00024244749870741433,5.640683351080792e-05,5.6406833510807915e-05,0.9999999999999999,0.00013062763249406883,0,0,0
116,23.43899917602539,23.309999465942383,23.43000030517578,23.420000076293945,53500,23.270000457763672,2022-08-19,-0.0012793257262514457,-0.000561826018137257,2.0507885920936538e-05,2.0507885920936534e-05,0.9999999999999999,8.892945928957629e-06,8.892945928957627e-06,0.9999999999999998,0.0004319908542356532,0.0008005480223124805,8.43099007987215e-06,8.430990079872148e-06,0.9999999999999998,0.0009925334821361338,1.4834148010774895e-05,1.4834148010774893e-05,0.9999999999999999,0.00015761327037673966,5.41854457463027e-05,5.41854457463027e-05,1.0,0.00011907063775025314,0,0,0
117,23.139999389648438,22.829999923706055,23.139999389648438,22.899999618530273,54400,22.899999618530273,2022-08-22,-0.015900336568749562,-0.004299002525624984,0.00010867712030103038,0.00010867712030103038,1.0,3.40345262221591e-05,3.40345262221591e-05,1.0,-0.0014367780012372155,-1.615952815912647e-05,2.2401770508510664e-05,2.2401770508510667e-05,1.0000000000000002,0.0005061131516859163,2.4247241794231318e-05,2.424724179423131e-05,0.9999999999999997,-0.00010132074336600682,3.682327256659989e-05,3.682327256659989e-05,1.0,-1.1168445229420152e-05,0,0,0
118,22.899999618530273,22.75,22.770000457763672,22.84000015258789,53400,22.84000015258789,2022-08-23,-0.002620064058596383,-0.006599908784532464,6.532286254603279e-05,6.532286254603279e-05,1.0,3.4096230770445335e-05,3.4096230770445335e-05,1.0,-0.0014635839671016115,-1.7066508333046794e-05,2.240672430292543e-05,2.2406724302925425e-05,0.9999999999999999,0.0005060764371208393,2.4247479219079445e-05,2.4247479219079448e-05,1.0000000000000002,5.78743515914204e-05,3.626288944826183e-05,3.626288944826183e-05,1.0,-3.220792598237953e-05,0,0,0
119,22.950000762939453,22.670000076293945,22.670000076293945,22.950000762939453,36200,22.950000762939453,2022-08-24,0.004816138774810685,-0.00456808728417842,0.00011013918353064021,0.00011013918353064021,1.0,3.362611863390622e-05,3.362611863390622e-05,1.0,-0.001496332528523958,-5.886865897119509e-05,2.1942753180420587e-05,2.1942753180420587e-05,1.0,0.0007103798021787066,2.473077369929194e-05,2.473077369929194e-05,1.0,0.0005819133841892765,3.630654622385429e-05,3.630654622385428e-05,0.9999999999999998,6.57884762396499e-06,0,0,0
120,23.110000610351562,22.809999465942383,22.989999771118164,23.110000610351562,21100,23.110000610351562,2022-08-25,0.006971670679440045,0.0030559151318847824,2.532413427605019e-05,2.532413427605019e-05,1.0,4.080474619922992e-05,4.080474619922992e-05,1.0,-0.0007991654605799536,5.192556737381726e-05,2.3311283455321326e-05,2.3311283455321326e-05,1.0,0.0007820912985228283,2.549483684663309e-05,2.549483684663309e-05,1.0,0.0008349818983980461,3.632694164450294e-05,3.632694164450294e-05,1.0,6.185735422567992e-05,0,0,0
121,23.170000076293945,22.459999084472656,23.170000076293945,22.520000457763672,39500,22.520000457763672,2022-08-26,-0.025530079489639368,-0.004580756678462879,0.00033031717413312844,0.00033031717413312844,1.0,0.00010110942436805103,0.00010110942436805105,1.0000000000000002,-0.0033948148717146353,-0.0012460917948451445,5.597438126973552e-05,5.5974381269735526e-05,1.0000000000000002,-0.0002724279758369789,4.724074504612468e-05,4.724074504612468e-05,1.0,0.00014855637845262893,4.6405602793562265e-05,4.6405602793562265e-05,1.0,-0.00013965395950554094,0,0,0
122,22.450000762939453,22.190000534057617,22.34000015258789,22.25,26600,22.25,2022-08-29,-0.01198936288967034,-0.01018259056662322,0.0002665392606838102,0.0002665392606838102,1.0,0.00010643909163135225,0.00010643909163135226,1.0000000000000002,-0.0045937511606816694,-0.001931584736663855,6.109118229725829e-05,6.109118229725828e-05,0.9999999999999998,-0.00037032997756676714,4.930670425734555e-05,4.9306704257345554e-05,1.0000000000000002,0.00029221221912752784,4.827334861281991e-05,4.827334861281991e-05,1.0,-0.00023222981052245344,0,0,0
123,22.3799991607666,22.0,22.290000915527344,22.059999465942383,36900,22.059999465942383,2022-08-30,-0.008539349845286148,-0.015352930741531953,8.065641498243353e-05,8.065641498243353e-05,1.0,0.00010501388603976,0.00010501388603975999,0.9999999999999999,-0.005447686145210284,-0.0021653350566839813,6.313508857432864e-05,6.313508857432863e-05,0.9999999999999998,-0.0009785978406784079,4.7722105214430336e-05,4.7722105214430336e-05,1.0,0.00013031006341743368,4.912370803355757e-05,4.912370803355757e-05,1.0,-0.00029662608986170686,0,0,0
124,22.280000686645508,21.988000869750977,22.059999465942383,22.01300048828125,16600,22.01300048828125,2022-08-31,-0.0021305067451924398,-0.007553073160049643,2.5028817394258248e-05,2.5028817394258248e-05,1.0,0.00010609980733332239,0.00010609980733332239,1.0,-0.0051918561151008905,-0.002422722024227231,6.165178564881052e-05,6.165178564881052e-05,1.0,-0.0011953051672221012,4.6732550219460386e-05,4.673255021946039e-05,1.0000000000000002,-6.85233373029659e-05,4.9155515531745846e-05,4.9155515531745846e-05,1.0,-0.00031073286413348176,0,0,0
125,22.0,21.729999542236328,21.770000457763672,21.989999771118164,26400,21.989999771118164,2022-09-01,-0.0010448696975829952,-0.0039049087626871946,1.6403185060846257e-05,1.6403185060846257e-05,1.0,9.772123946422743e-05,9.772123946422744e-05,1.0000000000000002,-0.005724608556671795,-0.0025394224657431406,6.1012216381677466e-05,6.1012216381677466e-05,1.0,-0.0013751878076119957,4.56388824752913e-05,4.563888247529131e-05,1.0000000000000002,-9.832861949763627e-05,4.7726899248809995e-05,4.7726899248809995e-05,1.0,-0.0003163369620987452,0,0,0
126,22.25,21.75,22.190000534057617,21.81999969482422,90800,21.81999969482422,2022-09-02,-0.007730790271186172,-0.003635388904653869,1.287388621453153e-05,1.287388621453153e-05,1.0,9.551036014775709e-05,9.551036014775709e-05,1.0,-0.006369755011165268,-0.0029688820784648075,6.162886783041712e-05,6.162886783041712e-05,1.0,-0.001589552988846769,4.6984035291725965e-05,4.6984035291725965e-05,1.0,-0.00032774565170700764,4.847173440727149e-05,4.84717344072715e-05,1.0000000000000002,-0.00037250706292516514,0,0,0
127,21.920000076293945,21.579999923706055,21.760000228881836,21.649999618530273,18700,21.649999618530273,2022-09-06,-0.00779102102069551,-0.005522226996488226,1.503595322234157e-05,1.503595322234157e-05,1.0,8.491168374534475e-05,8.491168374534475e-05,1.0,-0.005558823456359862,-0.003497800728798539,6.081432544094848e-05,6.081432544094848e-05,1.0,-0.0018637141708927052,4.809125113251688e-05,4.809125113251688e-05,1.0,-0.0006042188613887412,4.917554507152304e-05,4.917554507152304e-05,1.0,-0.0004282853633595286,0,0,0
128,22.110000610351562,21.540000915527344,21.540000915527344,21.940000534057617,28300,21.940000534057617,2022-09-07,0.013394961692245522,-0.0007089498665453867,0.00014919114787944346,0.00014919114787944343,0.9999999999999998,0.00012101852370996008,0.00012101852370996007,0.9999999999999999,-0.0039573208812756725,-0.002710452424188642,7.511191627943268e-05,7.511191627943265e-05,0.9999999999999997,-0.0013304846326472552,5.580684501040852e-05,5.580684501040853e-05,1.0000000000000002,-0.00041568442904686085,5.175897296383717e-05,5.175897296383717e-05,1.0,-0.000325126803243073,0,0,0
129,22.149999618530273,21.780000686645508,21.780000686645508,22.079999923706055,36500,22.079999923706055,2022-09-08,0.006381011223364208,0.003994983964971406,0.00011648131043660416,0.00011648131043660416,1.0,0.00012431437190894102,0.00012431437190894102,1.0,-0.00380083363642032,-0.002648583082472139,7.621147587721593e-05,7.621147587721595e-05,1.0000000000000002,-0.0013061903181209034,5.617552885832755e-05,5.617552885832755e-05,1.0,-0.00012996028803615277,5.25342375591654e-05,5.25342375591654e-05,1.0,-0.00027545170674968576,0,0,0
130,22.440000534057617,22.190000534057617,22.239999771118164,22.350000381469727,28400,22.350000381469727,2022-09-09,0.012228281643868355,0.010668084853159362,1.4124535814284081e-05,1.4124535814284081e-05,1.0,0.00013966131541454313,0.00013966131541454313,1.0,-0.0032751725399774887,-0.002037169000278721,8.709724262158374e-05,8.709724262158374e-05,1.0,-0.0010571071350766181,6.116080815476775e-05,6.116080815476775e-05,1.0,8.3645808528221e-06,5.507516538265369e-05,5.507516538265369e-05,1.0,-0.0001835124909363178,0,0,0
131,22.65999984741211,22.510000228881836,22.579999923706055,22.530000686645508,53100,22.530000686645508,2022-09-12,0.008053704792104543,0.008887665886445703,9.069261172781712e-06,9.069261172781712e-06,1.0,8.635859559220787e-05,8.635859559220787e-05,1.0,8.320588819690222e-05,-0.0016558044917588666,9.198396429864254e-05,9.198396429864253e-05,0.9999999999999999,-0.0008029925671644622,6.388002827548686e-05,6.388002827548687e-05,1.0000000000000002,0.0001870504872166645,5.60153913938525e-05,5.60153913938525e-05,1.0,-0.0001233868173374794,0,0,0
132,22.399999618530273,21.65999984741211,22.399999618530273,21.790000915527344,35900,21.790000915527344,2022-09-13,-0.032845084268319336,-0.004187699277448813,0.000620291058859049,0.000620291058859049,1.0,0.00018580629162698623,0.0001858062916269862,0.9999999999999999,-0.0020023662496679974,-0.0032980587051748334,0.00014019920147948384,0.00014019920147948387,1.0000000000000002,-0.0019551785743319025,9.769043063590821e-05,9.769043063590821e-05,1.0,-0.0005227383183494915,7.218210555396139e-05,7.218210555396139e-05,1.0,-0.00036050056698227545,0,0,0
133,22.084999084472656,21.549999237060547,22.010000228881836,21.65999984741211,52100,21.65999984741211,2022-09-14,-0.005966088235572209,-0.010252489237262333,0.0004319576618127296,0.00043195766181272963,1.0000000000000002,0.00018273037717375922,0.00018273037717375922,1.0,-0.0017450400886966032,-0.003596363116953444,0.000139907700422145,0.00013990770042214497,0.9999999999999998,-0.002025236734021522,9.811440447851199e-05,9.811440447851198e-05,0.9999999999999999,-0.0006156854134359802,7.110274225753323e-05,7.110274225753323e-05,1.0,-0.00040082853582105196,0,0,0
134,21.84000015258789,21.549999237060547,21.65999984741211,21.65999984741211,29300,21.65999984741211,2022-09-15,0.0,-0.012937057501297181,0.0003061456995260112,0.00030614569952601124,1.0000000000000002,0.0001830017854480656,0.00018300178544806557,0.9999999999999999,-0.0015319894141773594,-0.003361922764639125,0.00014046776086184927,0.00014046776086184927,1.0,-0.002125811154210607,9.736859862910455e-05,9.736859862910453e-05,0.9999999999999999,-0.0006746656566911269,6.43486896663281e-05,6.43486896663281e-05,1.0,-0.00039796547485090156,0,0,0
135,21.579999923706055,21.20199966430664,21.5,21.299999237060547,68500,21.299999237060547,2022-09-16,-0.016620526910787303,-0.007528871715453171,7.089219785179286e-05,7.089219785179286e-05,1.0,0.00020557584860428612,0.00020557584860428612,1.0,-0.00308955513549779,-0.004407081846084793,0.00014549428027783295,0.00014549428027783295,1.0,-0.002722800022328024,0.00010384249615124101,0.00010384249615124101,1.0,-0.0009658250694164549,6.798747699119222e-05,6.798747699119222e-05,1.0,-0.0005130191020561243,0,0,0
136,21.3799991607666,21.09000015258789,21.09000015258789,21.3799991607666,27500,21.3799991607666,2022-09-19,0.003755865097256006,-0.004288220604510433,0.00011759096478107368,0.00011759096478107368,1.0,0.00020692300298460952,0.0002069230029846095,0.9999999999999999,-0.0019408895986535724,-0.00415532230490942,0.00014841971117905326,0.0001484197111790532,0.9999999999999997,-0.002626217918527729,0.00010483795307688738,0.00010483795307688738,1.0,-0.0010666088326820877,6.690130324885469e-05,6.69013032488547e-05,1.0000000000000002,-0.000482956537272236,0,0,0
137,21.3799991607666,21.108999252319336,21.3799991607666,21.139999389648438,17000,21.139999389648438,2022-09-20,-0.011225434075721408,-0.008030031963084236,0.00011145728381244741,0.0001114572838124474,0.9999999999999999,0.00021256735956108014,0.00021256735956108011,0.9999999999999999,-0.002284330904156162,-0.003921577180258012,0.00014373278405947426,0.00014373278405947423,0.9999999999999998,-0.00309331078725108,0.00010615155676539744,0.00010615155676539745,1.0000000000000002,-0.001264962981091655,6.327760218563722e-05,6.327760218563722e-05,1.0,-0.0005580787578208316,0,0,0
